Name,Email
Alice Johnson,alice.johnson@example.com
Bob Smith,bob.smith@example.com
Charlie Vance,charlie.vance@techcorp.org
Diana Prince,diana.prince@themyscira.net
Edward Norton,edward.norton@hollywood.com
Fiona Gallagher,fiona.gallagher@chicago.edu
George Washington,george.washington@mountvernon.gov
Hannah Abbott,hannah.abbott@hogwarts.ac.uk
Ian Malcolm,ian.malcolm@jurassic.org
Julia Roberts,julia.roberts@cinema.io
Kevin Mitnick,kevin.mitnick@defcon.org
Laura Croft,laura.croft@adventures.com
Michael Scott,michael.scott@dundermifflin.com
Nancy Drew,nancy.drew@mystery.org
Oscar Martinez,oscar.martinez@scranton.net
Pam Beesly,pam.beesly@artschool.edu
Quentin Tarantino,quentin.tarantino@filmmakers.com
Rachel Green,rachel.green@ralphlauren.com
Steve Rogers,steve.rogers@avengers.org
Tony Stark,tony.stark@starkindustries.com
Uma Thurman,uma.thurman@killbill.net
Victor Frankenstein,victor.f@geneva-uni.ch
Wanda Maximoff,wanda.maximoff@westview.org
Xavier Charles,charles.xavier@mutantschool.edu
Ygritte Snow,ygritte@wildlings.north
Zachary Levi,zachary.levi@shazam.org
Dr. Elena Rostova,elena.rostova@research.org
Marcus Aurelius Vance,marcus.vance@philosophy.edu
Aria Montgomery,aria.montgomery@rosewood.net
Devon Chen,devon.chen@datascience.io
Priya Sharma,priya.sharma@bangaloretech.in
Liam O'Connor,liam.oconnor@dublinlabs.ie
Sophia Rodriguez,sophia.rodriguez@madrid-ai.es
Lucas Dubois,lucas.dubois@sorbonne.fr
Fatima Al-Sayed,fatima.alsayed@dubai-tech.ae
Kai Takahashi,kai.takahashi@tokyotech.jp
José Müller-Thurgau,jose.muller@bordeaux.eu
François René de Chateaubriand,francois.rene@academie.fr
Dr. Elizabeth Alexandra Mary-Windsor,queen.elizabeth@royal.uk
Alexander Hamilton,alexander.hamilton@treasury.gov
Beatrix Kiddo,beatrix.kiddo@assassins.org
Caleb McLaughlin,caleb.m@hawkins.edu
Daisy Ridley,daisy.ridley@lucasfilm.com
Ethan Hunt,ethan.hunt@imf-agency.gov
Freya Allan,freya.allan@cintra.net
Gabriel Garcia Marquez,gabriel.garcia@macondo.co
Helena Bonham Carter,helena.bc@theatre.co.uk
Isabella Swan,bella.swan@forkshigh.edu
Jack Sparrow,jack.sparrow@blackpearl.sea
Khadija Bint Khalid,khadija.khalid@cairo-edu.eg
Leo Tolstoy,leo.tolstoy@yasnaya.ru
Mia Thermopolis,mia.thermopolis@genovia.gov
Noah Centineo,noah.c@alltheboys.com
Olivia Colman,olivia.colman@crown-drama.co.uk
Peter Parker,peter.parker@dailybugle.com
Quinn Fabray,quinn.fabray@mckinley.org
Ron Weasley,ron.weasley@gryffindor.uk
Samantha Jones,samantha.jones@pr-firm.com
Timothy Chalamet,timothee.c@dune-film.io
Ursula K. Le Guin,ursula.leguin@earthsea.org
Vincent van Gogh,vincent.vangogh@arles-art.nl
Walter White,walter.white@abq-chem.edu
Xena Warrior,xena.princess@amphipolis.gr
Yara Shahidi,yara.shahidi@harvard.edu
Zendaya Coleman,zendaya.c@euphoria.org
Arthur Conan Doyle,arthur.doyle@bakerstreet.co.uk
Brigitte Bardot,brigitte.bardot@cinema-fr.eu
Cillian Murphy,cillian.murphy@oppenheimer.io
Denzel Washington,denzel.w@thespian.org
Emma Watson,emma.watson@unwomen.org
Freddie Mercury,freddie.mercury@queenband.co.uk
Gal Gadot,gal.gadot@amazonian.net
Hugh Jackman,hugh.jackman@wolverine.au
Ingrid Bergman,ingrid.bergman@casablanca.se
James T. Kirk,james.kirk@starfleet.gov
Keanu Reeves,keanu.reeves@matrix-mesh.net
Lupita Nyong'o,lupita.nyongo@wakanda.org
Mads Mikkelsen,mads.mikkelsen@copenhagen.dk
Natalie Portman,natalie.portman@mit-neuro.edu
Orson Welles,orson.welles@citizenkane.org
Penelope Cruz,penelope.cruz@almodovar.es
Quentin Coldwater,quentin.c@brakebills.edu
Rowan Atkinson,rowan.atkinson@mrbean.co.uk
Sigourney Weaver,sigourney.weaver@weyland-yutani.com
Tom Hiddleston,tom.hiddleston@asgard.org
Uma Krishnaswamy,uma.krishna@chennai-iit.ac.in
Viggo Mortensen,viggo.mortensen@gondor.org
Winona Ryder,winona.ryder@strangerthings.net
Xiomara Castro,xiomara.castro@tegucigalpa.hn
Yoko Ono,yoko.ono@fluxus-art.org
Zlatan Ibrahimovic,zlatan.ibra@malmo.se
Ananya Panday,ananya.panday@mumbai-studios.in
Bong Joon-ho,bong.joonho@seoul-cinema.kr
Clara Schumann,clara.schumann@leipzig-music.de
Dmitri Mendeleev,dmitri.mendeleev@periodic-table.ru
Eleni Foureira,eleni.f@athens-pop.gr
Farhan Akhtar,farhan.akhtar@excel-ent.in
Greta Thunberg,greta.thunberg@fridaysforfuture.se
Haruki Murakami,haruki.murakami@tokyo-lit.jp
Ibrahim Mahama,ibrahim.mahama@accra-art.gh
